emission,hidden
HHTTTTHTTH,sftftfftftfe
TTTTTTHHH,stttttftffe
HTHHHTHHTTT,stftfftffftfe
THHHHTHTHTTH,sttftftfffttfe
HTTTHHHH,sftttfffte
HHTHHHHH,sfttffttfe
HHHHHTTTHHHT,sffttftfftttfe
HHHTHTTHHTT,sftftftffttfe
TTHHHHHHHH,sftffftttffe
TTTHTTHTH,sfftffttfte
HHTHTHTTTH,sffttftffffe
HHTTTHTHT,sttttfftfte
HTTHTTTTT,sftttttftfe
HHTHHTHHTTHT,sfffftftftttte
HHTTTTTHHHT,stftttftfffte
HHHHHTTH,stfftttffe
HHHTTHHT,sttfttftte
HTHHTTTT,sfftftftfe
HHHHTTHTTTHT,sffttttfftttfe
HTHTHHTH,stffffffte
HHTHHHTHTT,sfttffftftte
TTTTHTHHT,stftfttffte
THTTTHHTHTT,sffttttffftfe
TTHHHHTT,sffftftffe
THTTHTHTHHTT,stftftftffttte
HTHTTTTTH,sftfttfttfe
HHHTTHHTTTHH,stfttftfftftte
TTHHTTHTH,stttfttfffe
HHTTHHTHH,sftftffttte
HTHHTTHTT,stffttftfte
HHTTHHHHHT,sftttfffttfe
HTHHTHHHHTH,sftfttftfttte
THTTHHTHH,stffttfffte
HHHHHHHH,sfffttftfe
HHTTTHHT,sftfftffte
THTHTTHHT,stfffffftte
TTTHTHHHHTH,stttftftftfte
HTTTTHTHHTT,stftttftfffte
HHTTHHHT,sttfffttte
HHHHHHHHHT,sttffttfftte
THTTHTTHHHH,sftftttfffffe
HTHHHHTT,sftttfftfe
HHHTHHTTH,sffftfftffe
TTTTHTHHHHHT,sttftftfftttte
HTTHHTTHTH,sfttfttfftfe
HHHTHTTH,sffttftffe
HTHHTHHHHT,sfttfftfftte
HTHHHTTH,sftttftfte
HHTHHHTTHT,sftffffftffe
HHHHHHHHHHHH,sftffffftffffe
HHTTTHHTT,sfttttttfte
THHHTTHTTHHH,sttfftfftfftfe
HHHHTHHT,sfftffftfe
THHHHTTTHTH,sftffttftffte
THHTTHHH,sfttfttffe
HTTHTTHTHTHH,sfttfttttfttte
TTTHHHTHHH,stttttftftfe
HHTHTHTT,sfftftftte
HTHHHTHTHHTT,sftfttfttfffte
HHHTTHTTT,stfffffttte
TTTHHHTHHHT,stfttfftfftte
HTHHTHHTHHHH,stffttffttffte
HTHHTHTHTHTT,sftttffftfttfe
TTTTTTHHHHH,stfttfftftffe
THHHHHHTTHH,sfffftfftftfe
THTTTTTTHH,sttftfftttte
HHHHHHTHTTHT,sttftfttftftte
HHHHHHTTHT,sfftftffftte
HTTTTTHHHHT,sttttftfttffe
HHHTHTHHTHTH,sfffttfftfftfe
THHHHHTHHHT,stffttfftffte
HHTHHHHHTHH,stffffftffffe
HTHTTTHHTHHH,sftftftfftttfe
HHTHHHHHTTHT,stftffffftffte
TTHTHHHH,sttftffffe
THTTTTHT,sftttftfte
THTTHHTTTH,sfftfftfttfe
HTHHHTTH,stfttfttfe
THHHHHHHHHHT,sttfftfffftfte
HHHHHHHHHHH,stftffttftffe
HHHHTHTTTTHT,sffftfttftfffe
TTHTTTTHTHT,stfftttttffte
THHHHTHTHH,sttfffttftte
HHHTTTHHHHHH,stfffftfftftfe
HHTHTHHHTHHT,sfttttffffffte
TTHHTTHHHTHT,sttffttfffttfe
THTHTHHHTHT,sftttffftftte
HHHHHTHTTTHT,sffffftfftffte
HHTHHHHT,sfftffffte
HHHHTTHHTHH,sfffftffftfte
THTTHTHHHT,stftttttfffe
THHHHHTT,sfftftftte
HHHHHTTHHHHH,sftftffffftffe
THHTTHTH,sffttfftfe
HTTTHTTHTTT,sffftftffftfe
THTHTHHTHT,stfffftftffe
HHTHHTHHHH,stfffftffffe
TTTHTTTHTH,stffffffttfe
TTTHTHTTTTH,stftftftfttfe
HTHHHHHTH,stfftttftfe
HHHTHHHHHHTT,sftftfffftttfe
HTTTHHTHHHT,sffftffffffte
HTTTHTTTH,sftfffffffe
HHTTTHHHTH,sftttfttffte
TTTTTHTTHHH,sttttftfttffe
THHTTTHH,sftfftffte
HHTTHTHTHT,sffttftttfte
HHTTHTTHHH,sftttttfttfe
THTHTHTTTTHH,stfftffftttffe
HHHHTTHT,sftfttftfe
HTTHHHHH,sfffftttfe
HHHHHHTTHT,sftfttfttfte
TTHHHTTTHHH,stttttftttfte
HHHTTTTHHTHH,stftftttffftte
HHTTHHHH,sffftffffe
TTHTTTTH,sftftfttfe
THHHHHHHT,sffffttftte
THHHHHTTTHTT,stfftffttttffe
HTHTHTTTTHH,stfffftftftte
TTTHTTTH,stttftftfe
HTTHTTTTT,sfttfttffte
THTTHTTHHT,sttttftfffte
HHHHHTHTTHH,stfttffffftfe
HTTHTTTTTT,stffffffftte
HTHHTHHHTHTT,stffftftffftfe
HTTHHTTT,sftftttfte
HTTHHHTT,sfttftttte
THHHHTHHHH,stfffffftffe
HTTHTTTH,sffftfftfe
THHTHHTHH,sttftftfffe
TTHHTHTTTTT,stffftfttftfe
THTTTHTHT,sfttttfttte
HTTHHTHHHHHH,stttffttfftfte
TTTHHTHHT,stttfffftte
HHHHHHHH,sffftfftfe
THHTHHHTTT,sfftffffttte
THHHHTHHH,sfttfftftfe
HHTHTHTTHHTH,stttffftfftffe
HTHHHHHHH,sttfftftffe
HHHHTTTTTH,sfffftffftfe
THTTHTHHHTH,sffftftffffte
HTHTTHHTTH,stfftttfftte
TTHHTHTTTTHT,sttffttttfffte
HTTHTHHH,stttftffte
THHHHTTTT,stttftfftte
THHTTTTHTH,sttfttttftte
HTTHHHHHHT,sttfftffffte
TTTHHHTTTHHT,sftffftfftffte
HHHTHHHT,sffftfffte
HHHHHTTH,stftffttfe
HHTTHHTTTH,sffftfffftte
THHTTTTHH,sttfftttffe
TTHHHHHHHH,sfttttffftfe
TTHTHHTHHHH,sttffffffftte
HHTTTTHTTHT,sfttfttftffte
TTTTHTHHHHH,stfttfttfttfe
HHTHHHHT,sfttffffte
TTHHTTHHHH,stftfftftfte
HTHHHHTH,sttttfftfe
HHHHHTTHTH,sftttfftfffe
HTTTHHHHH,stfftttffte
HTTHHTHTH,sffffttffte
HHHHHTHHTT,stttfftfttte
HHTHTTTH,sfftttftte
HHHTHHTHHTT,sttfffttfttfe
TTHTTHTHH,stfftftftfe
TTTTHHHHHTTT,sffftttfftftte
HTHHHTHHHH,sffftftfttfe
TTTHHHHHTT,sfftffffftte
HHTTHHHT,stffftftte
THTTHTHHT,sftttffttte
TTTTTTHTHT,sttfttftffte
THTHHHTTTHH,sfftfftttttte
HTHHHHHHT,sttfttffffe
THTHHHHTT,stfttftffte
HHHHTHHTH,sttftffftte
HTHHHHTHTH,sfttffttfffe
TTHHTHTHTHHT,stftftftfttfte
HTTTTHHTTHTT,sfttffffffftte
HTTHTTHHHT,sttffftttfte
HTTHHHHHHT,sfttffftftte
THTTHHTH,stffttftfe
HTTHHHHTHTTH,sffttftffftffe
HTTTTHTHHHH,sfttttttfttte
HHHHTTTHT,sfftftftfte
HHHTHHHTHT,sfttfffffffe
TTHHHTHHHHTH,sffftffftfftfe
TTTTTHTHTTHT,stfttfttfftfte
HHHTTHTHTH,sffftfffffte
HTHHTTHTT,sftffttffte
HHHTHTHH,stffftttte
THHHHHHHHHT,sttttffffftfe
HTTTTTHHH,sftftffffte
TTHTHHTHTTT,stfffttftttte
TTTHHHHTHHH,stttftfttfffe
HHHHTHHTHT,sffftftftfte
THTTTHTT,sftttfftfe
HTHTHHTH,stttffttfe
TTTHTTHHTT,sttttttffffe
HHHHTTTTTHH,stffftttttffe
TTTHHHHH,stfttfffte
THHTHHHT,stftftffte
THHHTTHHHTTT,sfttfftfftttte
HTTTHHHHH,sttffffttfe
THHTHTHT,sftftftfte
TTTTTTTH,stfttfttfe
TTHHHHTHH,sftfffftffe
HTHHHTHTHHH,sttfffftfftte
TTTHTHHTHTHH,sttttfttftftfe
THTHHHTHTT,sftttfttftfe
HHHTHTHTHTHH,sttffftttfftfe
HHHHHHTHHHTT,stfftfttffttte
TTTHHHHTH,sfttfttttfe
TTTTTHHTH,stffttftffe
HTTHHTHHHH,sfttffttftfe
TTHHTHHTT,sttfftffffe
TTTTHHTHTT,stftttftftte
HTTTHTHHHH,sfftffttfffe
THHTTHHHTHHT,sffftftftfftte
HHHHTHTH,sfftffftfe
HTHHTHTHTH,stttffffttfe
THHTHHHHTTTH,stftfttfttttfe
TTHHHTHTHTT,sttftfftfftte
HHHTTHTTHH,sftttffttffe
THHHHHTHHHH,sfttffttffffe
HTHHTHHT,stttftffte
HHHHTTTTHH,stfftttfttfe
HTTTHHTH,stfffffffe
THTTTHHTHHT,sfttttfffftfe
HHTTTHHHT,stfttfftffe
HHHTHHHH,sttffffffe
HHHHHHHHTH,stfffttfttfe
TTHHHTHTTH,stttfftfftfe
THHHTTTHHTHH,stfttttfttttte
HTTTHHTHHHT,sftffffttttte
HHTHTTHTHHTT,sfftttttffttfe
HHHHTHHTTHTT,stfftftttfftfe
HHTHTHHHH,sfttftfttfe
TTTTHTHT,stfftfftte
HTTHTHHTTH,stfftffttffe
HHHHHHHT,sfftffffte
HHTTHHTHTTHH,sffftffttttffe
HHHHHHHH,sftfttftfe
TTHTTHHTHHTH,sfftttffttftfe
THTTHTHHTH,stffttftfffe
HHTTHHHH,sttttffffe
TTHHHTHTTTHT,sttttffftttffe
TTTHTHTHH,stttfffttte
HTTTTTTHHHH,sftttffffftte
TTTTHHHTH,sfttftfttte
THHHHTHTTT,stfftffftfte
HTTTHTTHTHT,sftttfttfftfe
TTHHHHTHHT,sttfffffttte
HHHTHHTTH,sffttftftfe
HHTHHHHHHHTT,sftttfftftffte
HHHHTHTTTHT,sfftttftftffe
THHHHHHHHT,stffftfttffe
HHHHTTTTHTH,sffffftttftte
HTHHHHTHT,sttttffffte
THTTHHHTTTH,stfttffftttfe
TTHTHTHTHTHT,sftfttffffttte
THHHHHHTH,sftftftttte
TTHTTTTH,sttftttffe
THHTTTHHHTH,stfttffffffte
TTHHHHTTH,sfttfftttte
HHHHTHHH,stftttftfe
HHHHHTHHHTH,stftttftfftfe
HTHTHHHHHT,sfttftffftte
HHHHTTHTTTHT,sfftttftftttfe
THHHTHHHHHHT,sttttfttffttfe
HTHTHHHH,stfftffffe
THTHHTTHTHT,stfftttttffte
HHHTHHHTHTT,sfftttfftttfe
HTTHTTTHHHH,stttttffftfte
TTHHHHHHTTHH,sfttftffttfffe
HTHTHHTHHTTH,sttttfftfttffe
THHHHHTHTH,sfftftttfffe
THTTTTTT,stfttttffe
HTHHHHHHH,stttfftttfe
HHTHTHTHHHT,sfttttftftfte
THTTHHHHH,stftfffffte
HTTTHTTHHTTH,sfttfttfftftte
HHHHHTTHHH,sftffttfttte
TTTHHHHHH,sttfttftfte
HTHTTTTHTHHT,stttttftffffte
THTHHHTHTHH,sftttttfffffe
TTTHHHHHHH,sfttttftftte
HTTHHHTTH,sftffftftfe
TTTTTTHTHT,sftffftttfte
HTTTTHHHH,sfttffttffe
HTTTTHTHT,sftftfftfte
HHHHHTTTH,stfffttttfe
TTHHHTHTHHH,stfftffftfffe
THHHHHTHHHTH,stftfffffftffe
THHHTHHHHH,sfttfftfttte
THTTHTHTHHTH,sftfttffttttte
HHTHHHHT,sttttfttte
HTHTHHHHTT,sftftfttftte
THTHHTTHHH,stttfftfftfe
TTTHHHHHH,stftfttttfe
TTHHTTHH,stttftttfe
HTHTHTHHHHTH,sfftfttftfffte
TTHHHHTT,sttfttftte
TTHTTTHHTTHH,sftftffftttfte
HHHHTHHH,stftfttffe
HHHHTHHH,sffftftffe
HTHHTTHHHTHT,sttfttffttttte
THHTTHTHHH,sftftttffffe
HTTHTHTTHHT,sftfftftfttte
TTTHHHHTTH,stffttftttte
HTHHHHHT,sftfftftte
HHHHHHTHHTH,sftttffttftte
HTTHHHTHH,sttftftfffe
THHTHHHTTH,stfftftfttfe
HHHHTHHTHHH,sttttftttftte
HHTTTHTHTTTT,sfttttttftttfe
THTTTTHHTT,sfffttttffte
TTHHHHHHH,stttftttffe
TTHTHHTTTTHH,sfttttftfttffe
HTHTHHTTHH,sffttffftffe
THHTTHTHHHTH,sftffttftfftfe
HHHTTHHTTTTH,stffttfttffffe
TTTTHTTTH,stttftttfte
HHHHTHHHHHHH,sftttftttffffe
HTHTHHTHH,stfftfffffe
HTHTHTHHH,sftftttfffe
HHTHHTTTHHHH,sttfffttffttfe
HHTHTHTHH,stffttftfte
HTHHHHHHH,sttfffftffe
HHTHTHTHTHHH,sfffttffffttte
HHHTTHTTTH,stffftfftfte
HHHHHHTHTTH,sftfttffttffe
THTHHHHTTH,stfttfftfffe
HHHTHTTHT,sfttffftfte
HHHHHTTHTH,stttfttfftte
TTHHHHHTHT,sfttfttfttfe
THTTTHHTTT,stttffffffte
THTTTTTH,stttffftfe
TTTHTTHHHHT,sftttftftftte
THHHHHTHT,sftftttfffe
HTHTTHHHTHT,sttftfffffffe
HTHHHHTHH,sftfftfftfe
TTTHTTHHHTH,stftfttfftffe
HTHTTHHHHHT,sttfttttfftfe
THTTHTHHH,stfttftfffe
TTTTTTHTTT,stttttffffte
HHTHTHTH,stffftffte
THHHTHHTHHTH,sfffftftttftte
TTHTHHHTTHT,sttftfttffffe
HHHHTTHHHHHH,stffftftttfffe
HHHTHHHTTTHT,sfftftfftfttfe
HHHTHHHHTH,sffftftffffe
TTHHTHHTT,sttffttftfe
HHTHTTTT,sfffttttfe
HHHTHTTH,sffftfttte
THHHHHHTTT,sttfttffttte
HHTHTHTH,stttfftffe
HTHHHHHHT,sfttffftfte
HHHTTTTHTHTT,sftfftttftffte
HTTTHHTTH,sttftffttte
TTTTTTHH,stffffftte
TTHHHHTTTTH,sttftttftftfe
HHTTHHTHHT,sffftfftffte
HHHTHHHHH,sftftftffte
THTHHHTHHT,sffttfftffte
HHTTHHHHT,sfftfftttte
HTHTTHTTTH,sfttftffttte
THHHHTHHHHHH,stftftfftffffe
HTHHHHTTHT,sftfffftftte
HHTTHTHHTTTT,sffttfftfttffe
TTHHHHTHTH,sftfffftftfe
HTHTHHTHTTH,stfftftffttfe
THHTHHHHHH,stftttfftffe
TTHHHHTTHH,sfttttffttte
TTHHHHHH,sftftttffe
HHTHHHHTHTH,sffftffftftfe
HTHTHTHH,sttttttfte
HTHTTTHHHHT,sftftttffftte
TTHTHHTHH,sftttfttfte
HHTHHTTTHTH,sffttfftfttfe
THHHHHHT,sttfftftfe
HHHHHHHTHTHH,stttftffttffte
HTHHTTHTHH,sfttfttfttfe
HHHHTTHHH,sfffftttfte
HHHTHTHTHHH,sfttffftfftfe
TTTHHHHTHHHH,stttffftffftte
HTHHHHTHHH,sftfffftftte
TTTHHTTHHTTH,sttffftttttffe
HTTHHTTTT,sffftttfffe
HHHTTHHTHH,stfftffftffe
TTHTHHHTTHHH,sfttftffftftfe
HHTHHTTH,sfftftttte
THHHTHTTHTHT,sfttftfftfttfe
HTTTTHHHTTT,sftftffttftfe
TTTHTHHTHHTT,sfttfftftfttte
THHTTHHHH,sfffttttfte
HHHHHHTTT,sfftfttttte
HHTTTTTHHT,stftttttfffe
HHTTHTHHHT,sfttfftfftte
THTHTHHHTT,stfffffttfte
TTHTHTTT,sftfttttte
HTHTHHHTT,sttffttttte
TTHHHTTTT,stfffttftte
HHTHHHHT,sfffttfffe
HHTTHHHTHTTH,stfffttttftfte
TTHHTTHTH,stfftftftfe
HTTTHHTTHT,sfftftftttfe
THTHHHTTTHH,sfttfftffttte
TTHHHHHHTHTH,stfftfftffftte
THHTHHHTH,sftfttfttfe
HHHTHHHHHT,sffftftftfte
HTHTHTHHHT,sftffttffffe
HTTTHHHHH,sffttttfffe
HHTHHHHHHH,stftfftfttfe
HHTTHHTHTHTH,sffttttttffffe
HHTTHTTHHHTH,stfftftttttffe
HTHTTTTHTHT,sftftttffttfe
THHTTHHHH,stttftftffe
TTHTTTTH,sffttttffe
HTHTTHHH,sftfttftte
TTHHTTHHHT,stttfffffffe
HTHTHTHTHH,sfffttftttte
THTHTHHTHHHT,sttttfffffftte
HHHHHHHTTHH,stffffftfftte
HHHTHHTHHT,sfffttffftte
HHHHTHHHTT,sfttftftftte
HHHTHHHHHH,sffffftftfte
TTTTHTHH,sffftfttfe
HHHTHTTHTH,stfttfftttfe
HHTHTHTHHHHH,stftttfttffffe
TTHTTHHHHHHH,sttftftftttffe
TTTHHTHH,stftfttffe
HTTTHTTHTHHH,sfftfftfftttfe
HHHTHHHTTTTT,sftftfttttttte
HTHHTHHT,sftfttftfe
HHHTHTHHH,sffftttttte
HHTTHHTT,sfftttftfe
THHHHTHT,sffffftffe
THTHHTHT,stfftfffte
HTTHHTHHH,sftfftftfte
HTTHHHHTH,sftffftftte
TTHHHHHHHTHT,sttftftfttffte
HHHHHTTTHHT,sffttfttfftfe
HHHTHHHHTTH,sfftttfffttte
TTTHTTTTH,stftfttttfe
TTHTHTHHHHT,sfffftttttfte
TTHHHTTHH,sttffffttte
HHHHTHHTTTTT,stftftfftfftfe
HTTTHHTHHT,stttffftftfe
HHTHHHHTTHT,sfffttffttfte
THHHHHHTHHHT,sfftfffttffffe
HHTHTHHT,sfftftftfe
HTHHTHTTH,sfffffftffe
HHHTTTTHTTTH,sfttttftftttfe
HTHHTHHHTTH,stffttfffffte
HTHTHHHHT,sfttffffffe
HHTHHHHH,sffftfffte
TTHHHTTHHTT,sfffftffffffe
TTHHTHHHTT,sftttftfftte
HTTTHHTHT,sftfffffffe
HHHHTHHHT,sffftfttfte
HHHTHTTH,sftttttffe
TTTTHTHHTTHH,sftttftftttfte
TTHTTHTT,sftfftftte
HHHHHTTH,sfttftftte
HHHTHHHHHH,stfffftttfte
HTTHTHTHTHHT,stttffttfttfte
HTTHTHTTTTHH,sftttttftftffe
HTHHTHHTTTH,sfttfffffftfe
THTTTTHHHHHT,sfttffttttfffe
THHTTHTTH,stffttfttte
HHHHTHTTTTH,sfttftftfffte
THHTHHTHH,sfffftttffe
TTTTHHHTH,sftftftttte
HHHHHTHTHTTT,sfftttfffttfte
HTTHTTHTT,sftttffttte
THTHHHTTHHHT,stftttftfffffe
HHHHHTTHHH,sfffffttffte
HTHHHTHH,sttttftffe
HHTHTTHHHHH,sffttftfftffe
HHTHHHHH,sfttftftfe
HHTHTHHHHTT,sfftttfftttte
HHHHTHTHHTHT,sffftfttfttffe
THTHHTHTTHT,stfftttfffffe
HTHTHHTHH,sfffttftffe
THHHHTTHTT,stffftfttfte
TTHHHHHHTTTH,sttfftftftttte
HHHHHHTHH,sftttfttffe
HHTHHTTHHTT,sffffttttfffe
HHHTHTHTT,stfftfffffe
HHTHHTTTHHHH,stftfttttfffte
HHHTHTHHHHT,sfttffttfftte
HHHHHHHHHTH,sfftffftftffe
HTHHTHHTHHT,sftfftfftftfe
HTTTTHHTT,sffttttftte
THHTTHTTT,sfttfttfffe
TTHHTHTT,stttfttffe
THTTHTHTTH,stttftfttfte
HHTHHTTH,sfftffttte
TTTHHHHHHHHH,stttfttftftfte
